"Track URI","Track Name","Artist URI(s)","Artist Name(s)","Album URI","Album Name","Album Artist URI(s)","Album Artist Name(s)","Album Release Date","Album Image URL","Disc Number","Track Number","Track Duration (ms)","Track Preview URL","Explicit","Popularity","Added By","Added At"
"spotify:track:1X4zczytYgZk0UGxaH9oYw","Chamäleon","spotify:artist:1FXdfOOisB3d3hfZOjhjID","Esther Graf","spotify:album:4eJvGoHkExRfyeAUMNzyYW","Chamäleon","spotify:artist:1FXdfOOisB3d3hfZOjhjID","Esther Graf","2019-05-24","https://i.scdn.co/image/ab67616d0000b27330e29cdeb292e979f82af847","1","1","168082","","false","0","spotify:user:","2020-11-27T12:53:58Z"
"spotify:track:4zpZ0saTZ8f3GLiJPO7DG7","Gute Menschen","spotify:artist:5syyAQTWJ2BaLtjOKE99MK","OK KID","spotify:album:50kmsJT5RasMgvpKIPBgt4","Zwei","spotify:artist:5syyAQTWJ2BaLtjOKE99MK","OK KID","2016-04-08","https://i.scdn.co/image/ab67616d0000b273af91e51c5ff6ee3a274e1525","1","3","227613","https://p.scdn.co/mp3-preview/02c416d905c393e5446eed3d616a6327592179f0?cid=9950ac751e34487dbbe027c4fd7f8e99","false","44","spotify:user:","2020-11-27T12:53:58Z"
"spotify:track:5zpGxLGLxQvgQzO8jYTzAU","Live In Life","spotify:artist:2hrWpLNoJcs1EnWSXvB6JI","The Rubens","spotify:album:1mfUZpugk6C9Qi0WOnfm4B","Live In Life","spotify:artist:2hrWpLNoJcs1EnWSXvB6JI","The Rubens","2019-11-13","https://i.scdn.co/image/ab67616d0000b2732aab337f581cc8467e8491c3","1","1","216447","","false","1","spotify:user:","2020-11-27T12:53:58Z"
"spotify:track:1TuqA75LagFurPtFGPQ0VG","Fear of Falling Asleep (Henry Green Remix)","spotify:artist:1I9HNoVK6kOQGVZfulXVnm, spotify:artist:0VbDAlm2KUlKI5UhXRBKWp","TENDER, Henry Green","spotify:album:3jLuB8UoqAAO9w0c02sEVP","Fear of Falling Asleep (Henry Green Remix)","spotify:artist:1I9HNoVK6kOQGVZfulXVnm","TENDER","2019-08-01","https://i.scdn.co/image/ab67616d0000b27329c1ab5d7eb48bcd487377fb","1","1","243760","https://p.scdn.co/mp3-preview/25e6358a40dce950a8b806210d422701806e229e?cid=9950ac751e34487dbbe027c4fd7f8e99","false","24","spotify:user:","2020-11-27T12:53:58Z"
"spotify:track:4TnFANpjVwVKWzkxNzIyFH","Ne reviens pas","spotify:artist:2tcoLkA9Hexz70Kuc1NTUl, spotify:artist:3YwqjMyrRfuixi2pbgTGCE","Gradur, Heuss L'enfoiré","spotify:album:7ilqGyawRNe3bXNfLYtrfo","Zone 59","spotify:artist:2tcoLkA9Hexz70Kuc1NTUl","Gradur","2019-11-29","https://i.scdn.co/image/ab67616d0000b2738320af5749259913564098be","1","7","188613","https://p.scdn.co/mp3-preview/2e737d8647395a8ba10d7d42ddfceaefd0d57985?cid=9950ac751e34487dbbe027c4fd7f8e99","true","59","spotify:user:","2020-11-27T12:53:58Z"
"spotify:track:6ezZTpRzpz97Ke3tCS6zpH","Der Rest meines Lebens","spotify:artist:2TiXt00aPsggbxZxL1RaG7, spotify:artist:0d2e8VbttQLewZySpLQudr","KUMMER, Max Raabe","spotify:album:4E7HxVevq5O1XmvWhCEKXS","KIOX","spotify:artist:2TiXt00aPsggbxZxL1RaG7","KUMMER","2019-10-10","https://i.scdn.co/image/ab67616d0000b2731b39487cf698508cbce6a5e7","1","5","168838","https://p.scdn.co/mp3-preview/2da04f95821a47bffea4ce1ad22f0c4a5732ce65?cid=9950ac751e34487dbbe027c4fd7f8e99","false","59","spotify:user:","2020-11-27T12:53:58Z"
"spotify:track:5DYD4zlGiFlkpLaf2Bk8Vl","Your Love (Déjà Vu)","spotify:artist:4yvcSjfu4PC0CYQyLy4wSq","Glass Animals","spotify:album:7xz9Hi6y8KaYlLNSkvme0W","Your Love (Déjà Vu)","spotify:artist:4yvcSjfu4PC0CYQyLy4wSq","Glass Animals","2020-02-19","https://i.scdn.co/image/ab67616d0000b273723f3c3e968f176a130ff102","1","1","234372","https://p.scdn.co/mp3-preview/be17ccf40cffad7422cc123e7bd73ddc01530f90?cid=9950ac751e34487dbbe027c4fd7f8e99","false","60","spotify:user:","2020-11-27T12:53:58Z"
"spotify:track:4eWtfFuJUzj5Jq1Ecrsbyz","изумруд","spotify:artist:1Y53ZUhXBydAzILo4Qa0s1","Manizha","spotify:album:0LSuV3aSojtWZZQngOmJ1a","ЯIAM","spotify:artist:1Y53ZUhXBydAzILo4Qa0s1","Manizha","2018-03-23","https://i.scdn.co/image/ab67616d0000b273efa56a484e2904d143b2ac4b","1","4","254386","https://p.scdn.co/mp3-preview/8ad84c15cd60bd69819346a8d699ed224510fd0a?cid=9950ac751e34487dbbe027c4fd7f8e99","false","34","spotify:user:","2020-11-27T12:53:58Z"
"spotify:track:6HjPM1fi2zOEsLECmvz04f","Bank","spotify:artist:5syyAQTWJ2BaLtjOKE99MK","OK KID","spotify:album:50kmsJT5RasMgvpKIPBgt4","Zwei","spotify:artist:5syyAQTWJ2BaLtjOKE99MK","OK KID","2016-04-08","https://i.scdn.co/image/ab67616d0000b273af91e51c5ff6ee3a274e1525","1","5","245506","https://p.scdn.co/mp3-preview/4b8e514a2227b3622c9d9eed079de2455297b962?cid=9950ac751e34487dbbe027c4fd7f8e99","false","23","spotify:user:","2020-11-27T12:53:58Z"
"spotify:track:5a6EUrT2wnLmlqBEGUkA2C","Поезда","spotify:artist:0bOSNnz9bGAUlV3OJ3rnQW","Tima Belorusskih","spotify:album:31WcYycL5qDto7JGU4xZsw","Поезда","spotify:artist:0bOSNnz9bGAUlV3OJ3rnQW","Tima Belorusskih","2019-04-18","https://i.scdn.co/image/ab67616d0000b2733092beb6063a340a0e024f7f","1","1","214508","","false","0","spotify:user:","2020-11-27T12:53:58Z"
"spotify:track:49KpQCADAIEfKnmNa6QUXm","You Love Me","spotify:artist:6GpcBKNmZDIrRzYkPJu7Wd","flora cash","spotify:album:4SY0d1l0zegLF9w4spVycy","You Love Me","spotify:artist:6GpcBKNmZDIrRzYkPJu7Wd","flora cash","2020-01-10","https://i.scdn.co/image/ab67616d0000b273f4593bebe8953e503481fb04","1","1","221640","https://p.scdn.co/mp3-preview/873116588d325a69ad8cd96a2f64aedecce911f1?cid=9950ac751e34487dbbe027c4fd7f8e99","false","28","spotify:user:","2020-11-27T12:53:58Z"
"spotify:track:6tETaJ828zTsyWrSikcpoC","Sugarbabe","spotify:artist:6pdcQa7by8IKuoVXvgknlI","Rilès","spotify:album:5C9LshD0DzUgqoFee2zHlh","Sugarbabe","spotify:artist:6pdcQa7by8IKuoVXvgknlI","Rilès","2019-08-09","https://i.scdn.co/image/ab67616d0000b27357ba46d020ea73b276a5293a","1","1","178906","https://p.scdn.co/mp3-preview/2233b7842eb330b31ab4f63f720b29680ee6adb5?cid=9950ac751e34487dbbe027c4fd7f8e99","true","31","spotify:user:","2020-11-27T12:53:58Z"
"spotify:track:5OEh0t74eilX1HnfVy9E4g","Pretty Great","spotify:artist:1nhSLEYdoBHG6cJ8NDwoF1","Fickle Friends","spotify:album:7qR1HoEKO0Rb4jRhoFlBip","Pretty Great","spotify:artist:1nhSLEYdoBHG6cJ8NDwoF1","Fickle Friends","2020-01-17","https://i.scdn.co/image/ab67616d0000b273bce392c087a24908b83d20c9","1","1","213053","https://p.scdn.co/mp3-preview/a9feb911628aab521690b1c663ff29db2bad2f67?cid=9950ac751e34487dbbe027c4fd7f8e99","true","47","spotify:user:","2020-11-27T12:53:58Z"
"spotify:track:3AHqaOkEFKZ6zEHdiplIv7","Tokyo Drifting (with Denzel Curry)","spotify:artist:4yvcSjfu4PC0CYQyLy4wSq, spotify:artist:6fxyWrfmjcbj5d12gXeiNV","Glass Animals, Denzel Curry","spotify:album:1awYYlPxboJHZqiEFXEdTh","Tokyo Drifting","spotify:artist:4yvcSjfu4PC0CYQyLy4wSq, spotify:artist:6fxyWrfmjcbj5d12gXeiNV","Glass Animals, Denzel Curry","2019-11-13","https://i.scdn.co/image/ab67616d0000b273490997bc549d6ef6c3e948b5","1","1","217693","https://p.scdn.co/mp3-preview/7cdc89370154eb4813ad80e4377baf5aed647323?cid=9950ac751e34487dbbe027c4fd7f8e99","true","57","spotify:user:","2020-11-27T12:53:58Z"
"spotify:track:6Dh32tS5znKbryJdHXSRrC","Увезите меня на Дип-хаус","spotify:artist:0xTdDjeCoM89b7n9fLcZvR","GAYAZOV$ BROTHER$","spotify:album:13qks8vV01hBLfexTwOZI2","Увезите меня на Дип-хаус","spotify:artist:0xTdDjeCoM89b7n9fLcZvR","GAYAZOV$ BROTHER$","2019-10-04","https://i.scdn.co/image/ab67616d0000b27312647d9f1e397955f67799c3","1","1","176640","https://p.scdn.co/mp3-preview/61ea5631cab4860c2a9a1643f7e6a8bb228fb0d0?cid=9950ac751e34487dbbe027c4fd7f8e99","false","52","spotify:user:","2020-11-27T12:53:58Z"
"spotify:track:1jYl3OVX97ocV5dTR8dfuB","RUN!","spotify:artist:6pdcQa7by8IKuoVXvgknlI","Rilès","spotify:album:78c0MqaiVSdxo38fjv0vcp","WELCOME TO THE JUNGLE (Deluxe)","spotify:artist:6pdcQa7by8IKuoVXvgknlI","Rilès","2019-08-30","https://i.scdn.co/image/ab67616d0000b2737d9be9e69a5cf98199d17b37","1","16","240173","https://p.scdn.co/mp3-preview/026747cc502a01a5680173036470a6379d2ee428?cid=9950ac751e34487dbbe027c4fd7f8e99","true","34","spotify:user:","2020-11-27T12:53:58Z"
"spotify:track:4VY23BqiVPmK7WGOJHCtNz","Handmade Ego","spotify:artist:1I9HNoVK6kOQGVZfulXVnm","TENDER","spotify:album:04psVVPNcK8SHuwBWe7eL7","Fear of Falling Asleep","spotify:artist:1I9HNoVK6kOQGVZfulXVnm","TENDER","2019-01-18","https://i.scdn.co/image/ab67616d0000b27374f16464bbd57fb2b481c340","1","1","309640","https://p.scdn.co/mp3-preview/44f98bf337114e37b6e2c81f625d694b39feb1f0?cid=9950ac751e34487dbbe027c4fd7f8e99","false","31","spotify:user:","2020-11-27T12:53:58Z"
"spotify:track:0YeJcZKvg8GtPk8s4yUrpr","Insomnies","spotify:artist:3QVolfxko2UyCOtexhVTli","Angèle","spotify:album:2UrPmvaX5X76LIzE6Cfiqu","Brol La Suite","spotify:artist:3QVolfxko2UyCOtexhVTli","Angèle","2019-11-07","https://i.scdn.co/image/ab67616d0000b273df8a2ed8111de3161c4a4c30","1","3","212733","https://p.scdn.co/mp3-preview/8e1e2165a0fc3c7fa9ba467e8b474765c74fb29e?cid=9950ac751e34487dbbe027c4fd7f8e99","false","50","spotify:user:","2020-11-27T12:53:58Z"
"spotify:track:3ne8aXLTHtwrdtpItqCgfT","BLUE","spotify:artist:1m0t5VYISq6TcyMo7UqLMz","Zaia","spotify:album:02QfpmjkUYBmLkyhzupPvC","BLUE","spotify:artist:1m0t5VYISq6TcyMo7UqLMz","Zaia","2019-03-29","https://i.scdn.co/image/ab67616d0000b2730aea4d6757676ff0520ecb47","1","1","137183","https://p.scdn.co/mp3-preview/1c2cfed211eefde03019ba7a628bfc8f11f28238?cid=9950ac751e34487dbbe027c4fd7f8e99","false","44","spotify:user:","2020-11-27T12:53:58Z"
"spotify:track:1FZtSAittCPqEabWPAVvdA","Coco Chanel","spotify:artist:4sg4no0TXdsrM1s4SVUwNF","Juju","spotify:album:7FUJDqWr0PvHJyIJeCsswA","Bling Bling","spotify:artist:4sg4no0TXdsrM1s4SVUwNF","Juju","2019-06-14","https://i.scdn.co/image/ab67616d0000b27399c7f45f165a4892b164555f","1","3","148673","https://p.scdn.co/mp3-preview/9661649f24058cef26f31e238a12bf2ff062be7d?cid=9950ac751e34487dbbe027c4fd7f8e99","false","48","spotify:user:","2020-11-27T12:53:58Z"
"spotify:track:5Bkw0lMhwk8tF4kMgCCJLv","Dreamland","spotify:artist:4yvcSjfu4PC0CYQyLy4wSq","Glass Animals","spotify:album:1YuD9tjpVMRbSmWDfOiyem","Dreamland","spotify:artist:4yvcSjfu4PC0CYQyLy4wSq","Glass Animals","2020-05-01","https://i.scdn.co/image/ab67616d0000b273c55406131ae59c45e87a82cb","1","1","203492","https://p.scdn.co/mp3-preview/182165d77cc2c754114d59d75ec8a2784f9a89d6?cid=9950ac751e34487dbbe027c4fd7f8e99","false","45","spotify:user:","2020-11-27T12:53:58Z"
"spotify:track:3ecKtWMr8HK99YOs7L6Ps3","KRIMINELL","spotify:artist:0t9IVyFGzH79wIFfhEXddQ, spotify:artist:2qMezKrAKRh2Z2uR3fCqHt","Kianush, PA Sports","spotify:album:3CODKXw1U83bQ3kwEeYkPo","KRIMINELL","spotify:artist:0t9IVyFGzH79wIFfhEXddQ, spotify:artist:2qMezKrAKRh2Z2uR3fCqHt","Kianush, PA Sports","2020-02-06","https://i.scdn.co/image/ab67616d0000b273372170c75bf812e7fe76b8e2","1","1","186403","","false","0","spotify:user:","2020-11-27T12:53:58Z"
"spotify:track:1DvbkyyN4jCcffDbD7mJEC","Won't Let You","spotify:artist:63vaeIIBKIe9zT91EORVbr","MorMor","spotify:album:3JxGyoJImNtV1sYpedUcB0","Won't Let You","spotify:artist:63vaeIIBKIe9zT91EORVbr","MorMor","2019-10-11","https://i.scdn.co/image/ab67616d0000b2733dcb274c4e9b826420eda6f4","1","1","205889","https://p.scdn.co/mp3-preview/56c50ffe878b46e2c7f91ded237215437185d972?cid=9950ac751e34487dbbe027c4fd7f8e99","false","40","spotify:user:","2020-11-27T12:53:58Z"
"spotify:track:0G0ZyEQyc3IBcRnYCvtTwb","Tes parents (feat. Ninho)","spotify:artist:6HCBnyTBSLdb3TFn2ayulY, spotify:artist:6Te49r3A6f5BiIgBRxH7FH","Leto, Ninho","spotify:album:0r6ok3cCmovBOj06Bc9fjk","TRAP$TAR 2","spotify:artist:6HCBnyTBSLdb3TFn2ayulY","Leto","2019-07-05","https://i.scdn.co/image/ab67616d0000b2734c36c24fbfc1f46ed5a1fe5a","1","8","214320","https://p.scdn.co/mp3-preview/4e25599c8eb16f3b0fb8f90aa3e0a70f838cdf70?cid=9950ac751e34487dbbe027c4fd7f8e99","true","64","spotify:user:","2020-11-27T12:53:58Z"
"spotify:track:3HlM5CBcbCjbSupnIB42d4","Dream World","spotify:artist:2RhgnQNC74QoBlaUvT4MEe","The Growlers","spotify:album:0JNNqeHwFn7aJt29hu6oR8","Dream World","spotify:artist:2RhgnQNC74QoBlaUvT4MEe","The Growlers","2020-05-08","https://i.scdn.co/image/ab67616d0000b273222d3b6a7706afe5a995683e","1","1","198933","https://p.scdn.co/mp3-preview/4a01b5083eeb2123754af568d109c24cd8e915c2?cid=9950ac751e34487dbbe027c4fd7f8e99","false","38","spotify:user:","2020-11-27T12:53:58Z"
"spotify:track:2G83i2D30HWFQuXRku0zIY","Podruga","spotify:artist:52acIPZv5bDUfx2TmrSELL","Gruppa Skryptonite","spotify:album:3My7EfFMhdPb9RTfVe5Kxn","Podruga","spotify:artist:52acIPZv5bDUfx2TmrSELL","Gruppa Skryptonite","2019-03-06","https://i.scdn.co/image/ab67616d0000b2733407b1c55b3bace3df273b22","1","1","248995","https://p.scdn.co/mp3-preview/48612a33babbcb9d4061ac443c2f00a59e289b9a?cid=9950ac751e34487dbbe027c4fd7f8e99","false","48","spotify:user:","2020-11-27T12:53:58Z"
"spotify:track:3ZCTVFBt2Brf31RLEnCkWJ","everything i wanted","spotify:artist:6qqNVTkY8uBg9cP3Jd7DAH","Billie Eilish","spotify:album:4i3rAwPw7Ln2YrKDusaWyT","everything i wanted","spotify:artist:6qqNVTkY8uBg9cP3Jd7DAH","Billie Eilish","2019-11-13","https://i.scdn.co/image/ab67616d0000b273f2248cf6dad1d6c062587249","1","1","245425","https://p.scdn.co/mp3-preview/2b4bbf9aeb9afe974db96b124c00d410de385e4e?cid=9950ac751e34487dbbe027c4fd7f8e99","false","86","spotify:user:","2020-11-27T12:53:58Z"
"spotify:track:18loeUgThthiQpVNKqoZUP","Istanbul","spotify:artist:4IdNUGAtqlYjfXNx4ktplO","Bahjat","spotify:album:3fETmw1u0SMdafAB7w5Wr1","Istanbul","spotify:artist:4IdNUGAtqlYjfXNx4ktplO","Bahjat","2019-08-22","https://i.scdn.co/image/ab67616d0000b27352bcb8b3b45318c658c3f6c7","1","1","145951","","false","0","spotify:user:","2020-11-27T12:53:58Z"
"spotify:track:0wCxEG4N5tPF2Chr5aI6AH","Fear of Falling Asleep","spotify:artist:1I9HNoVK6kOQGVZfulXVnm","TENDER","spotify:album:04psVVPNcK8SHuwBWe7eL7","Fear of Falling Asleep","spotify:artist:1I9HNoVK6kOQGVZfulXVnm","TENDER","2019-01-18","https://i.scdn.co/image/ab67616d0000b27374f16464bbd57fb2b481c340","1","4","250506","https://p.scdn.co/mp3-preview/99c3aca8b977e1e2ca012d70b9669422b52a089f?cid=9950ac751e34487dbbe027c4fd7f8e99","false","32","spotify:user:","2020-11-27T12:53:58Z"
"spotify:track:7m5sOfZ6VmMbKyrccgPEDN","Rhinestoned","spotify:artist:0Um9Obps5KGnNcqAHfXdBv, spotify:artist:3OftZbLfcqulxWNZMX8zLI","Randy Rogers, Wade Bowen","spotify:album:3bp5Lk9hQ91wrtyoQW1UHS","Rhinestoned","spotify:artist:0Um9Obps5KGnNcqAHfXdBv, spotify:artist:3OftZbLfcqulxWNZMX8zLI","Randy Rogers, Wade Bowen","2020-04-17","https://i.scdn.co/image/ab67616d0000b2734451ab876ce9dee74eab0910","1","1","224468","https://p.scdn.co/mp3-preview/68124a63d37eb1ad902397246f24fcddd58093ac?cid=9950ac751e34487dbbe027c4fd7f8e99","false","34","spotify:user:","2020-11-27T12:53:58Z"
"spotify:track:5CqkgDH8QZjSqqI3HmYxDD","Airwaves","spotify:artist:34LetYSjEuG2fBb4Z8PwPg","Pashanim","spotify:album:4ZylcATH7a5JkgNNGXxwhJ","Airwaves","spotify:artist:34LetYSjEuG2fBb4Z8PwPg","Pashanim","2020-05-14","https://i.scdn.co/image/ab67616d0000b273bef362b164cb7ebc1b1d8eb7","1","1","178932","https://p.scdn.co/mp3-preview/6f4d5b5326af923fb3d222b844a117356a007873?cid=9950ac751e34487dbbe027c4fd7f8e99","false","68","spotify:user:","2020-11-27T12:53:58Z"
"spotify:track:04oG24PjVs59q72Id8wXFK","Claudia","spotify:artist:37M5pPGs6V1fchFJSgCguX","FINNEAS","spotify:album:3uexPjCnj1rPrrtGLbt8vF","Claudia","spotify:artist:37M5pPGs6V1fchFJSgCguX","FINNEAS","2019-02-22","https://i.scdn.co/image/ab67616d0000b2731883ddfaf431d09757734b57","1","1","161876","https://p.scdn.co/mp3-preview/478e77cd76bea45b92d85b8026863689e4728a4a?cid=9950ac751e34487dbbe027c4fd7f8e99","false","55","spotify:user:","2020-11-27T12:53:58Z"
"spotify:track:3seLcPktVz36YMobkDW2Jh","Left Alone","spotify:artist:6nxWCVXbOlEVRexSbLsTer, spotify:artist:6UcJxoeHWWWyT5HZP064om","Flume, Chet Faker","spotify:album:1yc3Ldus5BkJBVX9mSFMt4","Flume: Deluxe Edition","spotify:artist:6nxWCVXbOlEVRexSbLsTer","Flume","2012-11-09","https://i.scdn.co/image/ab67616d0000b27354a01535b21aed50a7bcb8d4","1","3","209702","https://p.scdn.co/mp3-preview/efb56edae8c09d0f391f6bd27397b1df4944b58d?cid=9950ac751e34487dbbe027c4fd7f8e99","false","45","spotify:user:","2020-11-27T12:53:58Z"
"spotify:track:6XpisKisbZrq35zOip1IK0","Мне пох","spotify:artist:1I8cwnCuQZfi6C1eZVrRIF, spotify:artist:0XNKQFs2Ewb3y0VsFUFc5l","Klava Koka, MORGENSHTERN","spotify:album:4w7OSfUDQdh2g6ei6OqZYt","Неприлично о личном","spotify:artist:1I8cwnCuQZfi6C1eZVrRIF","Klava Koka","2019-11-22","https://i.scdn.co/image/ab67616d0000b27374b39954a9eb5b5e40bfe5ad","1","5","158853","https://p.scdn.co/mp3-preview/48841265b2e11f33466ad17a7c558a7c9cd77339?cid=9950ac751e34487dbbe027c4fd7f8e99","true","48","spotify:user:","2020-11-27T12:53:58Z"
"spotify:track:1cS1SMKBkrqFGVIjUXbWAm","Way out There","spotify:artist:6ltzsmQQbmdoHHbLZ4ZN25","Lord Huron","spotify:album:3yoNZlqerJnsnMN5EDwwBS","Strange Trails","spotify:artist:6ltzsmQQbmdoHHbLZ4ZN25","Lord Huron","2015-04-07","https://i.scdn.co/image/ab67616d0000b2739d2efe43d5b7ebc7cb60ca81","1","12","250359","https://p.scdn.co/mp3-preview/68cd3136681ca55ab2debf7794f3cb0405de6b3d?cid=9950ac751e34487dbbe027c4fd7f8e99","false","48","spotify:user:","2020-11-27T12:53:58Z"
"spotify:track:29K1eMY9cTSWNs4sAKplaP","E02 Ich bin Fan","spotify:artist:5syyAQTWJ2BaLtjOKE99MK","OK KID","spotify:album:0PSECnAz2SIyKfFAz6dAp6","Woodkids","spotify:artist:5syyAQTWJ2BaLtjOKE99MK","OK KID","2019-11-08","https://i.scdn.co/image/ab67616d0000b273398d9a28ff9a6347bbd7c242","1","2","247424","https://p.scdn.co/mp3-preview/4d51f7e5445977718cc4a9c93a56f6b17e139a33?cid=9950ac751e34487dbbe027c4fd7f8e99","false","25","spotify:user:","2020-11-27T12:53:58Z"
"spotify:track:7Lx7cE37O7qL4JYBsBqQVs","Young And Beautiful","spotify:artist:4yvcSjfu4PC0CYQyLy4wSq","Glass Animals","spotify:album:1PoNxdvXr6C4XM4cr6Fr6u","Quarantine Covers","spotify:artist:4yvcSjfu4PC0CYQyLy4wSq","Glass Animals","2020-04-17","https://i.scdn.co/image/ab67616d0000b27321e9d882381bc3d2f790bf59","1","2","266498","https://p.scdn.co/mp3-preview/5a2987ce7b0977ec0df9a8c409e2384e26b7952d?cid=9950ac751e34487dbbe027c4fd7f8e99","false","51","spotify:user:","2020-11-27T12:53:58Z"
"spotify:track:4s2RoAKfpq2hyNIJqwDH8x","3BadSoSad","spotify:artist:21MZoYDTcbPsC5crOQVqho","Private Island","spotify:album:6I1mB6BhE5VpSb9bzI0WYw","5xx","spotify:artist:21MZoYDTcbPsC5crOQVqho","Private Island","2019-04-23","https://i.scdn.co/image/ab67616d0000b2730b97ca61ddbaa6f3715d92c5","1","8","240013","","false","0","spotify:user:","2020-11-27T12:53:58Z"
"spotify:track:1FpAKPGuR8SoIUw5t0I5vn","Mango","spotify:artist:0imE3buPhAowREqCrr4CYe","Peach Tree Rascals","spotify:album:0GgntPHAsqGJsrse66OxVa","Mango","spotify:artist:0imE3buPhAowREqCrr4CYe","Peach Tree Rascals","2019-10-02","https://i.scdn.co/image/ab67616d0000b2734480cfb09f88ca8dda753989","1","1","191072","https://p.scdn.co/mp3-preview/753d636160bced5e1969c106c503b98a6671c9dc?cid=9950ac751e34487dbbe027c4fd7f8e99","true","54","spotify:user:","2020-11-27T12:53:58Z"
"spotify:track:6P30NMoLLzWTuue4faRjsd","Bright Blue Berlin Sky","spotify:artist:0UjVkwTqNW0WGbHOsC6is4","The Shutes","spotify:album:7MFKxVglAOjsHsfUMjfNhb","Echo of Love","spotify:artist:0UjVkwTqNW0WGbHOsC6is4","The Shutes","2012-04-02","https://i.scdn.co/image/ab67616d0000b2735efff048e34c002b5cdab023","1","5","344632","https://p.scdn.co/mp3-preview/393ca8ac2af0a332c5c233e9677f64e3517d6ce6?cid=9950ac751e34487dbbe027c4fd7f8e99","false","41","spotify:user:","2020-11-27T12:53:58Z"
"spotify:track:4QlXmU3wEh61vjePajnwMU","Geist","spotify:artist:4gJT0OnBISFA5CPMNYBGIE","OG Keemo","spotify:album:1JXxe9kUL2huAt55tuLu4l","Geist","spotify:artist:4gJT0OnBISFA5CPMNYBGIE","OG Keemo","2019-11-22","https://i.scdn.co/image/ab67616d0000b27354977fb14cb8bb0e69cb9adb","1","6","190386","https://p.scdn.co/mp3-preview/c060d7df1ba3dd33dc986c59f4cbb221b7235411?cid=9950ac751e34487dbbe027c4fd7f8e99","true","48","spotify:user:","2020-11-27T12:53:58Z"
"spotify:track:4rVW8gHRqn4F5xqVdv3wVv","More","spotify:artist:7sgWBYtJpblXpJl2lU5WVs","Electric Guest","spotify:album:6UrxhUcBp7VJQVO8vZF9h0","KIN","spotify:artist:7sgWBYtJpblXpJl2lU5WVs","Electric Guest","2019-10-17","https://i.scdn.co/image/ab67616d0000b27395946f0378d37c4708d00aa6","1","3","221706","https://p.scdn.co/mp3-preview/5ddf8263e173a731c70e9aba8b18a7db7eefbd63?cid=9950ac751e34487dbbe027c4fd7f8e99","false","28","spotify:user:","2020-11-27T12:53:58Z"
"spotify:track:5Y9zcVsp3cwUeTr3weHgjS","Oh Hell","spotify:artist:1oPRcJUkloHaRLYx0olBLJ","Magdalena Bay","spotify:album:0LdLqCE2X9nESMj5Os2nar","Oh Hell","spotify:artist:1oPRcJUkloHaRLYx0olBLJ","Magdalena Bay","2019-12-12","https://i.scdn.co/image/ab67616d0000b2734962ef521da31ff4851bc7cc","1","1","208374","","false","0","spotify:user:","2020-11-27T12:53:58Z"
"spotify:track:7fPuWrlpwDcHm5aHCH5D9t","Roses - Imanbek Remix","spotify:artist:0H39MdGGX6dbnnQPt6NQkZ, spotify:artist:5rGrDvrLOV2VV8SCFVGWlj","SAINt JHN, Imanbek","spotify:album:1p5rgTwzlrhJnSdi93zpbd","Roses (Imanbek Remix)","spotify:artist:0H39MdGGX6dbnnQPt6NQkZ, spotify:artist:5rGrDvrLOV2VV8SCFVGWlj","SAINt JHN, Imanbek","2019-09-13","https://i.scdn.co/image/ab67616d0000b2732b6e2fb9f84af69f55dc6b77","1","1","176218","","true","2","spotify:user:","2020-11-27T12:53:58Z"
"spotify:track:6BUJtgTJT9YTDkiB81maFQ","True Faith","spotify:artist:0LmmhAkoebSsbFfgCybcGI","Lotte Kestner","spotify:album:5z547vNPv9ce16zYQINMAD","Stolen","spotify:artist:0LmmhAkoebSsbFfgCybcGI","Lotte Kestner","2011-06-01","https://i.scdn.co/image/ab67616d0000b273c810376ce0f8ee8a12420e4b","1","11","282438","https://p.scdn.co/mp3-preview/7fa240438c7160cfdf7308c9b95edd17cace141e?cid=9950ac751e34487dbbe027c4fd7f8e99","false","44","spotify:user:","2020-11-27T12:53:58Z"
"spotify:track:3goH7O78TLkV9RhCAyM4AT","Fame","spotify:artist:1qQLhymHXFPtP5U8KNKsm6","Apache 207","spotify:album:5ANcyb7GrRVY6LZDZKZ72C","Fame","spotify:artist:1qQLhymHXFPtP5U8KNKsm6","Apache 207","2020-05-08","https://i.scdn.co/image/ab67616d0000b273f79bdf9c55cd91f83c4a6804","1","1","173760","https://p.scdn.co/mp3-preview/2b9a2e5127f1ac0fdbc0cdea083561da092af8ab?cid=9950ac751e34487dbbe027c4fd7f8e99","false","59","spotify:user:","2020-11-27T12:53:58Z"
"spotify:track:1b4XC7b0oysSHYOszYTVrA","Pink","spotify:artist:5sWHDYs0csV6RS48xBl0tH","Two Feet","spotify:album:2aUdPMgVz1x3X6U6yXXaqD","Pink","spotify:artist:5sWHDYs0csV6RS48xBl0tH","Two Feet","2019-09-06","https://i.scdn.co/image/ab67616d0000b2737ae07f2743ea314a3c1d5625","1","1","124453","","false","0","spotify:user:","2020-11-27T12:53:58Z"
"spotify:track:4TSUh9GIzjlt9QAH32ObaB","Only For A Moment","spotify:artist:56UIK6wmbbxuQ6VA20vrWD","Lola Marsh","spotify:album:6ECJjotZuyQKgw3VtMWpVy","Someday Tomorrow Maybe","spotify:artist:56UIK6wmbbxuQ6VA20vrWD","Lola Marsh","2020-01-24","https://i.scdn.co/image/ab67616d0000b273c79d4354c1cda61a77888ae5","1","2","168213","https://p.scdn.co/mp3-preview/929e9ef3c355c2e2541903eb20aab0b013254307?cid=9950ac751e34487dbbe027c4fd7f8e99","false","55","spotify:user:","2020-11-27T12:53:58Z"
"spotify:track:71d7wCcY5GdDZLfQ3LAzsu","Cannabe","spotify:artist:5y9wg9qkGBl0n9v9RzaPKu","Capo","spotify:album:0BcIiQlY7bIsD9meHEd6Dy","Cannabe","spotify:artist:5y9wg9qkGBl0n9v9RzaPKu","Capo","2020-04-03","https://i.scdn.co/image/ab67616d0000b273c55b0c252afd4b419647e533","1","1","202534","https://p.scdn.co/mp3-preview/f4b168fe011f7faec98e018ea5b4cb564eccc1b7?cid=9950ac751e34487dbbe027c4fd7f8e99","true","41","spotify:user:","2020-11-27T12:53:58Z"
"spotify:track:31dVOOab6MB4rCoYQzKcLA","Made By Desire","spotify:artist:4ORnI4BzjKFbUply6fRvkX","ÄTNA","spotify:album:0c2Dijuv3MYUkgMKzXyGcz","Made By Desire","spotify:artist:4ORnI4BzjKFbUply6fRvkX","ÄTNA","2020-02-14","https://i.scdn.co/image/ab67616d0000b27304d712bc883552dce99a6f90","1","5","197400","https://p.scdn.co/mp3-preview/9dc9f1dce8456f8be74bc75762704cc57839e09d?cid=9950ac751e34487dbbe027c4fd7f8e99","false","36","spotify:user:","2020-11-27T12:53:58Z"
"spotify:track:3Dkfcd3DbXGVmM05KCRuFA","CASINO ROYAL","spotify:artist:0t9IVyFGzH79wIFfhEXddQ, spotify:artist:2qMezKrAKRh2Z2uR3fCqHt","Kianush, PA Sports","spotify:album:6C0AQhEWVfiT8gycgA61be","CASINO ROYAL","spotify:artist:0t9IVyFGzH79wIFfhEXddQ, spotify:artist:2qMezKrAKRh2Z2uR3fCqHt","Kianush, PA Sports","2019-12-05","https://i.scdn.co/image/ab67616d0000b2736e660deb5dd2e402697564ca","1","1","171355","","true","0","spotify:user:","2020-11-27T12:53:58Z"
"spotify:track:5xStNH6LzRunpFejV4IsW0","Zu Asche, Zu Staub (Psycho Nikoros)","spotify:artist:3nDH6EjuwvBVAV3svkiKT9","Severija","spotify:album:6ckvWsrf15hP9vpr7tYHzh","Babylon Berlin (Music from the Original TV Series)","spotify:artist:0LyfQWJT6nXafLPZqxe9Of","Various Artists","2017-11-24","https://i.scdn.co/image/ab67616d0000b273d39d989af8068f4f21e09725","1","16","323640","https://p.scdn.co/mp3-preview/ca05771cc61ba8773a3400718ec621b5e0c41382?cid=9950ac751e34487dbbe027c4fd7f8e99","false","42","spotify:user:","2020-11-27T12:53:58Z"
"spotify:track:2NvmNbDbHeQbxLOMEy1WkV","Give Me Some Time","spotify:artist:56UIK6wmbbxuQ6VA20vrWD","Lola Marsh","spotify:album:6ECJjotZuyQKgw3VtMWpVy","Someday Tomorrow Maybe","spotify:artist:56UIK6wmbbxuQ6VA20vrWD","Lola Marsh","2020-01-24","https://i.scdn.co/image/ab67616d0000b273c79d4354c1cda61a77888ae5","1","7","195746","https://p.scdn.co/mp3-preview/836932a9dbed764dbad51c1555f19adc5aa8c1ca?cid=9950ac751e34487dbbe027c4fd7f8e99","false","26","spotify:user:","2020-11-27T12:53:58Z"
"spotify:track:6vYRwtuNmaQJg7SlcrMdPs","Your Light","spotify:artist:0KU55rzxAihPhi27MAuz9O","The Big Moon","spotify:album:08Ry44RWNOnXiw7gZlBXkg","Your Light","spotify:artist:0KU55rzxAihPhi27MAuz9O","The Big Moon","2019-09-10","https://i.scdn.co/image/ab67616d0000b2737c20223c590c43b205d22cf7","1","1","307075","https://p.scdn.co/mp3-preview/619c82a41cb4a70fdcf3d50e929b63a70e99df3d?cid=9950ac751e34487dbbe027c4fd7f8e99","false","44","spotify:user:","2020-11-27T12:53:58Z"
"spotify:track:2IpVW50TOiDQENRdhmk4Rq","GucciFace","spotify:artist:6NG0bF3tpQuQOixbzFPLIv, spotify:artist:4EEWia4jMIjBj1Y9VtliSF","Lil Lano, Trippie Boi","spotify:album:3SWxP2CnwiyFYbxsSpw0ka","GucciFace","spotify:artist:6NG0bF3tpQuQOixbzFPLIv, spotify:artist:4EEWia4jMIjBj1Y9VtliSF","Lil Lano, Trippie Boi","2019-12-20","https://i.scdn.co/image/ab67616d0000b273adcd33858b9a6f8a27433b29","1","1","192639","https://p.scdn.co/mp3-preview/79ddcc833a1d2c116c4fd4d352349808b5f51a04?cid=9950ac751e34487dbbe027c4fd7f8e99","true","37","spotify:user:","2020-11-27T12:53:58Z"
"spotify:track:3q20g0GOjipJ1WJcmPEbbH","Berlin","spotify:artist:1MNMJJ5gOHtCoKFrNxWBFp","Kafka Tamura","spotify:album:1kPweS51ReexhWvB3Pdv5e","Berlin","spotify:artist:1MNMJJ5gOHtCoKFrNxWBFp","Kafka Tamura","2019-10-18","https://i.scdn.co/image/ab67616d0000b273bccc98197d43305acadf1c58","1","1","203478","https://p.scdn.co/mp3-preview/57d98acd2336e160873c61a72dac6fc007d12ffd?cid=9950ac751e34487dbbe027c4fd7f8e99","false","30","spotify:user:","2020-11-27T12:53:58Z"
"spotify:track:2fGRJzoiYJYAzlQAyBONMb","Morning Sex","spotify:artist:4o16FybIZV7WPD7tOl7PUd","Ralph Castelli","spotify:album:6nPjdP4pjRIItNMnu9DSLQ","Morning Sex","spotify:artist:4o16FybIZV7WPD7tOl7PUd","Ralph Castelli","2019-06-07","https://i.scdn.co/image/ab67616d0000b2732a5fa04e857a15bbab62f018","1","1","175312","https://p.scdn.co/mp3-preview/6c6e43ce30e817ffc9688b2503c8829c93f9fe34?cid=9950ac751e34487dbbe027c4fd7f8e99","false","75","spotify:user:","2020-11-27T12:53:58Z"
"spotify:track:7zJxChdtfJFwVCCnF2YWvS","Living","spotify:artist:1I9HNoVK6kOQGVZfulXVnm","TENDER","spotify:album:71WzlDb4sKJlvbakA9qRcR","Living","spotify:artist:1I9HNoVK6kOQGVZfulXVnm","TENDER","2020-03-31","https://i.scdn.co/image/ab67616d0000b273e521b74808b2144c9df6bcb9","1","1","238547","","false","0","spotify:user:","2020-11-27T12:53:58Z"
"spotify:track:1j2Vfg4IiD1hCkkmEyv8Ly","Love Love Love","spotify:artist:21m5PZPUgSF0k76W1MMCAa","ViVii","spotify:album:1Wmd0bSpktLxqIF6hm0vfm","ViVii","spotify:artist:21m5PZPUgSF0k76W1MMCAa","ViVii","2019-03-15","https://i.scdn.co/image/ab67616d0000b273888c7876baa3efe116922061","1","4","247333","https://p.scdn.co/mp3-preview/1eb1bebc8effe90f68f0f10ded9ed0a9e06102ec?cid=9950ac751e34487dbbe027c4fd7f8e99","false","34","spotify:user:","2020-11-27T12:53:58Z"
"spotify:track:6ZAfv1nUbTORV7ubLN5PVP","Das ist nicht das Ende Baby","spotify:artist:6BHpFo1cbGCGLWh28wa43x","2raumwohnung","spotify:album:2w26CRw3TeUXXG71lhHHdv","Das ist nicht das Ende Baby","spotify:artist:6BHpFo1cbGCGLWh28wa43x","2raumwohnung","2020-01-10","https://i.scdn.co/image/ab67616d0000b27325364a772728abc304abd4c5","1","1","230072","https://p.scdn.co/mp3-preview/782b2fae3bd2861cac655e4588be66b03a315cea?cid=9950ac751e34487dbbe027c4fd7f8e99","false","15","spotify:user:","2020-11-27T12:53:58Z"
"spotify:track:2nNGV59DJJwk7D5ImGf6uc","Donuts","spotify:artist:5eioJDe26lOqkAMbuhzZYs","Gzuz","spotify:album:1cnkEKp36tjaSvIasBr5SV","Donuts","spotify:artist:5eioJDe26lOqkAMbuhzZYs","Gzuz","2020-01-23","https://i.scdn.co/image/ab67616d0000b2732593b8079519eae837713f52","1","1","162927","","true","0","spotify:user:","2020-11-27T12:53:58Z"
"spotify:track:28JH9ibkE1JEt8W4k66w1e","Dive","spotify:artist:3CiuXDKttPUT0tWGHicFUH","Tim Atlas","spotify:album:1MQ9uH0JvQG0c7S3C2hEPM","Dive","spotify:artist:3CiuXDKttPUT0tWGHicFUH","Tim Atlas","2017-08-06","https://i.scdn.co/image/ab67616d0000b273007fd0724d63e2fbcd42f4c2","1","1","238340","https://p.scdn.co/mp3-preview/9bd09c7c76382d0d618b64c657aa324c0aeb2993?cid=9950ac751e34487dbbe027c4fd7f8e99","false","31","spotify:user:","2020-11-27T12:53:58Z"
"spotify:track:6ChnGkBwnq2HUJD24YhMhW","Living Life, In The Night","spotify:artist:3RbuVoer2pZlqAXI73ElhX, spotify:artist:0U7ti3mwGrBNlKNE4YlbfT","Cheriimoya, Sierra Kidd","spotify:album:1YgzO5Y6YxzXoHN2yCZIpD","Living Life, In The Night","spotify:artist:3RbuVoer2pZlqAXI73ElhX, spotify:artist:0U7ti3mwGrBNlKNE4YlbfT","Cheriimoya, Sierra Kidd","2018-10-14","https://i.scdn.co/image/ab67616d0000b2739ab83293dcd6f3406875ca7f","1","1","122517","","true","60","spotify:user:","2020-11-27T12:53:58Z"
"spotify:track:0N3SjuBMDsK2he6J5tz0Ry","Sad Happy - Single Edit","spotify:artist:6hl5k4gLl1p3sjhHcb57t2","Circa Waves","spotify:album:6OJP3nG9U5Gb6OYtqejfxD","Sad Happy","spotify:artist:6hl5k4gLl1p3sjhHcb57t2","Circa Waves","2020-02-03","https://i.scdn.co/image/ab67616d0000b2733fa59d1a0a4599ccf0ae407b","1","1","187752","https://p.scdn.co/mp3-preview/4ea4eddef5a1fdb0c00d46ea7a5f620fe668f649?cid=9950ac751e34487dbbe027c4fd7f8e99","false","31","spotify:user:","2020-11-27T12:53:58Z"
"spotify:track:1o6JHLSAtNsIj8AgAvDxXX","THANK GOD","spotify:artist:6pdcQa7by8IKuoVXvgknlI","Rilès","spotify:album:78c0MqaiVSdxo38fjv0vcp","WELCOME TO THE JUNGLE (Deluxe)","spotify:artist:6pdcQa7by8IKuoVXvgknlI","Rilès","2019-08-30","https://i.scdn.co/image/ab67616d0000b2737d9be9e69a5cf98199d17b37","1","3","210236","https://p.scdn.co/mp3-preview/1832c6c15159aefe1a63dabefefcfcec11a6f32b?cid=9950ac751e34487dbbe027c4fd7f8e99","true","61","spotify:user:","2020-11-27T12:53:58Z"
"spotify:track:0S2BwV8XCMhrlL5adcFa87","Дельфины","spotify:artist:4sTO5nmBIlTF35aTnt6U7n","Luna","spotify:album:12zUXfpt4itaTDJ2AEqMBk","Транс","spotify:artist:4sTO5nmBIlTF35aTnt6U7n","Luna","2019-10-04","https://i.scdn.co/image/ab67616d0000b2737a530f4d3f01f9b036e9da5f","1","6","245000","https://p.scdn.co/mp3-preview/29bebe0dc2a3ff1bd105e0585d856dfe23704cd2?cid=9950ac751e34487dbbe027c4fd7f8e99","false","38","spotify:user:","2020-11-27T12:53:58Z"
"spotify:track:0u834tjHl0zB9xdPO5KrQX","Perfect Blue","spotify:artist:3glvSAS5Z6057HM9ov0HOt, spotify:artist:0Y3QSSc5Uw3g2ZHPkR2bdA","Elle Valenci, Lecomte De Brégeot","spotify:album:4BTvog9xcALVCjcDEWS5sJ","Perfect Blue","spotify:artist:3glvSAS5Z6057HM9ov0HOt, spotify:artist:0Y3QSSc5Uw3g2ZHPkR2bdA","Elle Valenci, Lecomte De Brégeot","2019-05-03","https://i.scdn.co/image/ab67616d0000b27359e90afe2d35b530e281a760","1","1","206000","https://p.scdn.co/mp3-preview/c7b13005a2e9f5b57426b26b37398cc17a4f61b9?cid=9950ac751e34487dbbe027c4fd7f8e99","false","54","spotify:user:","2020-11-27T12:53:58Z"
"spotify:track:5bOBc05OJjuCusiPiq90Cm","Slow Love","spotify:artist:1I9HNoVK6kOQGVZfulXVnm","TENDER","spotify:album:04psVVPNcK8SHuwBWe7eL7","Fear of Falling Asleep","spotify:artist:1I9HNoVK6kOQGVZfulXVnm","TENDER","2019-01-18","https://i.scdn.co/image/ab67616d0000b27374f16464bbd57fb2b481c340","1","8","252106","https://p.scdn.co/mp3-preview/0e12dda7fafee1680123f7cad815c616bdaf16bf?cid=9950ac751e34487dbbe027c4fd7f8e99","false","46","spotify:user:","2020-11-27T12:53:58Z"
"spotify:track:75H83SSOTlLX8915pP4W8F","Two Hearts","spotify:artist:3oxkIoEAyXXQlLTZXlffLJ","Zola Blood","spotify:album:6Z36dKKaD7EGFqPx7Z70UQ","Two Hearts","spotify:artist:3oxkIoEAyXXQlLTZXlffLJ","Zola Blood","2020-02-28","https://i.scdn.co/image/ab67616d0000b273b91e07317a71feee35984890","1","1","256756","https://p.scdn.co/mp3-preview/369cc90951f83f3aa5f13b57216d5ca5454a8e14?cid=9950ac751e34487dbbe027c4fd7f8e99","false","45","spotify:user:","2020-11-27T12:53:58Z"
"spotify:track:7yrJnekdlwWARt5lmVqJ6L","Burn Out","spotify:artist:1DTZRmlVZBxx2wRQBtx6yi","Midland","spotify:album:5p5lKDY6Ag62f8HWfIFzQ0","On The Rocks","spotify:artist:1DTZRmlVZBxx2wRQBtx6yi","Midland","2017-09-22","https://i.scdn.co/image/ab67616d0000b27308c3459da0ec44b7e790555d","1","5","188613","https://p.scdn.co/mp3-preview/4838eadb48728fa670823b6807285d014fdf24af?cid=9950ac751e34487dbbe027c4fd7f8e99","false","63","spotify:user:","2020-11-27T12:53:58Z"
"spotify:track:1WoM4mof0Nl1xPtwf6h6ow","FLY","spotify:artist:5p7mWeX4RlvqBCxylfiXdE, spotify:artist:3drqpTL4sQOckmAfF9i1wg","KC Rebell, Summer Cem","spotify:album:4Ve9yWpcqa5lmjcp7UKK7h","FLY","spotify:artist:5p7mWeX4RlvqBCxylfiXdE, spotify:artist:3drqpTL4sQOckmAfF9i1wg","KC Rebell, Summer Cem","2020-05-29","https://i.scdn.co/image/ab67616d0000b273b1bb96b489c4fe9a4ecce554","1","1","174893","https://p.scdn.co/mp3-preview/2d1f3cf829f5d58234723d5279b31b250ba8b6cc?cid=9950ac751e34487dbbe027c4fd7f8e99","false","53","spotify:user:","2020-11-27T12:53:58Z"
"spotify:track:08uNL8vAEMwZ9rOJ2t5GR8","Sur ton corps","spotify:artist:0SXZ0s0MoLOjw4Af6i3OGC","Tsew The Kid","spotify:album:09N8vJtr6qalO9yYpif5wq","Sur ton corps - Single","spotify:artist:0SXZ0s0MoLOjw4Af6i3OGC","Tsew The Kid","2019-07-11","https://i.scdn.co/image/ab67616d0000b27313844b00c2b4ca8164280c22","1","1","188685","https://p.scdn.co/mp3-preview/b2db52c16c448b780c983e732ece42b820279fbf?cid=9950ac751e34487dbbe027c4fd7f8e99","false","47","spotify:user:","2020-11-27T12:53:58Z"
"spotify:track:1kRuzwZqSYnzr4l9i6fO4u","Schon vergessen","spotify:artist:0jl1GB62whNLQlOh2cZjL7","Search Yiu","spotify:album:5IVPZLIi9oA8KehFmRFemC","Schon vergessen","spotify:artist:0jl1GB62whNLQlOh2cZjL7","Search Yiu","2018-08-03","https://i.scdn.co/image/ab67616d0000b2733055f7ffc18d2b57f21f1285","1","1","156000","https://p.scdn.co/mp3-preview/86ccc9b4a8aab35d2990c7f2cb4996796846636f?cid=9950ac751e34487dbbe027c4fd7f8e99","false","31","spotify:user:","2020-11-27T12:53:58Z"
"spotify:track:1y4uzhemSbfya50s7D2Fr3","STREIT MIT DEM MOND","spotify:artist:0t9IVyFGzH79wIFfhEXddQ, spotify:artist:2qMezKrAKRh2Z2uR3fCqHt","Kianush, PA Sports","spotify:album:6OK68yb8d04rPMS3WNuR6e","STREIT MIT DEM MOND","spotify:artist:0t9IVyFGzH79wIFfhEXddQ, spotify:artist:2qMezKrAKRh2Z2uR3fCqHt","Kianush, PA Sports","2020-01-02","https://i.scdn.co/image/ab67616d0000b273841b5d0802d807475cc99536","1","1","194081","","false","0","spotify:user:","2020-11-27T12:53:58Z"
"spotify:track:7JR4dICMuQ9dPAc7rasEe7","Real Love Song - Alternative Version","spotify:artist:1kDGbuxWknIKx4FlgWxiSp","Nothing But Thieves","spotify:album:12JnaWLVIXhdYYR8ZQYX60","Real Love Song (Alternative Version)","spotify:artist:1kDGbuxWknIKx4FlgWxiSp","Nothing But Thieves","2020-07-31","https://i.scdn.co/image/ab67616d0000b27381103c43c51bad73ae43407f","1","1","217276","https://p.scdn.co/mp3-preview/b94385f7b41fd75f51077e0934352b1eda78809e?cid=9950ac751e34487dbbe027c4fd7f8e99","false","31","spotify:user:","2020-11-27T12:53:58Z"
"spotify:track:0ZiGRciYMWrDvCPNM0T21o","big fat mouth","spotify:artist:6Bllzm0olEwqGwPujaLiuA","Arlie","spotify:album:7owO1ECjA53Isw9LiIcXKZ","Wait","spotify:artist:6Bllzm0olEwqGwPujaLiuA","Arlie","2018-09-19","https://i.scdn.co/image/ab67616d0000b27386ab7fc85640321a5f0d56e1","1","1","218773","https://p.scdn.co/mp3-preview/2183cadba3f3095e502a3d0bd8a0d1a91b9a6509?cid=9950ac751e34487dbbe027c4fd7f8e99","false","59","spotify:user:","2020-11-27T12:53:58Z"
"spotify:track:1wAkp6u1biHGKX2q5IwBhf","Крыльями","spotify:artist:2uBR4Yh27WB4rn7t3c4uCX","Erika Lundmoen","spotify:album:2Ku50Drr3ULS0sGV8dPa9M","Источник","spotify:artist:2uBR4Yh27WB4rn7t3c4uCX","Erika Lundmoen","2019-04-26","https://i.scdn.co/image/ab67616d0000b273a6588c81f4bfc3d58ad061ce","1","2","158358","https://p.scdn.co/mp3-preview/8a957c5c1fd9f731333792208f53a0c8398e6f82?cid=9950ac751e34487dbbe027c4fd7f8e99","false","52","spotify:user:","2020-11-27T12:53:58Z"
"spotify:track:1xU0fON1dVvpXXIJf0B7GO","Hold On","spotify:artist:56UIK6wmbbxuQ6VA20vrWD","Lola Marsh","spotify:album:6ECJjotZuyQKgw3VtMWpVy","Someday Tomorrow Maybe","spotify:artist:56UIK6wmbbxuQ6VA20vrWD","Lola Marsh","2020-01-24","https://i.scdn.co/image/ab67616d0000b273c79d4354c1cda61a77888ae5","1","3","228626","https://p.scdn.co/mp3-preview/d8aae24329feddbbcf36cb1dbeed3ba5aba1d882?cid=9950ac751e34487dbbe027c4fd7f8e99","false","32","spotify:user:","2020-11-27T12:53:58Z"
"spotify:track:656vbT8JKkVx7g1yG12L89","Avec Toi","spotify:artist:66Ok6bgC570sHkw08N20pZ","OBOY","spotify:album:0SPYxxevaQPJZKdyP9Ikgn","OMEGA","spotify:artist:66Ok6bgC570sHkw08N20pZ","OBOY","2019-07-12","https://i.scdn.co/image/ab67616d0000b2735dbfd7d2f9d5d2797c693e04","1","6","193813","https://p.scdn.co/mp3-preview/07a54b97eb8d8bd84bd24aa6333f1f96706ea176?cid=9950ac751e34487dbbe027c4fd7f8e99","true","71","spotify:user:","2020-11-27T12:53:58Z"
"spotify:track:6NrwVoFmjeNsEtrgZTMo4T","IDK","spotify:artist:5gRGeLfkGBsUOv9aJieEey","MOSSS","spotify:album:5VTDwmPmnnDecdsd374oye","Pale Blue","spotify:artist:5gRGeLfkGBsUOv9aJieEey","MOSSS","2019-10-11","https://i.scdn.co/image/ab67616d0000b2737ebabdb6511e30741d64ef5a","1","3","213497","https://p.scdn.co/mp3-preview/56a443e7a19e658236b7e13946cc02ca5a9d5430?cid=9950ac751e34487dbbe027c4fd7f8e99","false","53","spotify:user:","2020-11-27T12:53:58Z"
"spotify:track:0QZ5yyl6B6utIWkxeBDxQN","The Night We Met","spotify:artist:6ltzsmQQbmdoHHbLZ4ZN25","Lord Huron","spotify:album:3yoNZlqerJnsnMN5EDwwBS","Strange Trails","spotify:artist:6ltzsmQQbmdoHHbLZ4ZN25","Lord Huron","2015-04-07","https://i.scdn.co/image/ab67616d0000b2739d2efe43d5b7ebc7cb60ca81","1","14","208211","https://p.scdn.co/mp3-preview/e85c05b697c60a0d8884cfc75f745b105dae5f3c?cid=9950ac751e34487dbbe027c4fd7f8e99","false","78","spotify:user:","2020-11-27T12:53:58Z"
"spotify:track:6nzSsu3VwQTMMKpjTHopo7","Erode","spotify:artist:1I9HNoVK6kOQGVZfulXVnm","TENDER","spotify:album:36uRsDIqy2qooBY9gum3qC","Modern Addiction","spotify:artist:1I9HNoVK6kOQGVZfulXVnm","TENDER","2017-09-01","https://i.scdn.co/image/ab67616d0000b273fc5da7dc2a345a6c004f7e01","1","5","249920","https://p.scdn.co/mp3-preview/deda7159559ffe4bfffb961fa1896abfc00baf32?cid=9950ac751e34487dbbe027c4fd7f8e99","false","46","spotify:user:","2020-11-27T12:53:58Z"
"spotify:track:0ukl0GmYbNuyvtpv8Kbsnq","Both of Us","spotify:artist:2OKzhqOz5VFrrD1lCwfNSS, spotify:artist:5ksOxz4uMtWltB33UeL0rT","Daulton Hopkins, Von Tom","spotify:album:0VK286bf0SBVyB4NjdJwcz","Nowhere Land","spotify:artist:2OKzhqOz5VFrrD1lCwfNSS","Daulton Hopkins","2020-02-28","https://i.scdn.co/image/ab67616d0000b273f9888ead8791ee201d8752ba","1","1","150000","https://p.scdn.co/mp3-preview/14047485217ab9aff3233fbffadc1af992c6577f?cid=9950ac751e34487dbbe027c4fd7f8e99","false","16","spotify:user:","2020-11-27T12:53:58Z"
"spotify:track:0MPiITiSESifyQiU8XhTHi","Die Gedanken sind frei","spotify:artist:3OYM3jjPVR60kOqmamRRgk","Prinz Pi","spotify:album:2i8SAKCCvVSrwJcYcnsGWT","Wahre Legenden","spotify:artist:3OYM3jjPVR60kOqmamRRgk","Prinz Pi","2020-02-14","https://i.scdn.co/image/ab67616d0000b2739c02ecb6b30efba855af2d8d","1","3","229906","https://p.scdn.co/mp3-preview/15020bd6fd7264c5e51c21462ce298202b79f07d?cid=9950ac751e34487dbbe027c4fd7f8e99","false","27","spotify:user:","2020-11-27T12:53:58Z"
"spotify:track:6xZ4Q2k2ompmDppyeESIY8","Level of Concern","spotify:artist:3YQKmKGau1PzlVlkL1iodx","Twenty One Pilots","spotify:album:4h3HXlnt6lryGzGbWmcFuY","Level of Concern","spotify:artist:3YQKmKGau1PzlVlkL1iodx","Twenty One Pilots","2020-04-09","https://i.scdn.co/image/ab67616d0000b273ab2f8973949159695f65df7b","1","1","220051","https://p.scdn.co/mp3-preview/d187d9cdf7c25b67591dd21e9c500b69ee390ae1?cid=9950ac751e34487dbbe027c4fd7f8e99","false","69","spotify:user:","2020-11-27T12:53:58Z"
"spotify:track:3Dv1eDb0MEgF93GpLXlucZ","Say So","spotify:artist:5cj0lLjcoR7YOSnhnX0Po5","Doja Cat","spotify:album:1MmVkhiwTH0BkNOU3nw5d3","Hot Pink","spotify:artist:5cj0lLjcoR7YOSnhnX0Po5","Doja Cat","2019-11-07","https://i.scdn.co/image/ab67616d0000b27382b243023b937fd579a35533","1","5","237893","https://p.scdn.co/mp3-preview/3f681c49542f4a1214b33a065cace7007a307465?cid=9950ac751e34487dbbe027c4fd7f8e99","true","80","spotify:user:","2020-11-27T12:53:58Z"
"spotify:track:4FE9SgxcOoCNuGnaaU8TXz","When the Night is Over","spotify:artist:6ltzsmQQbmdoHHbLZ4ZN25","Lord Huron","spotify:album:2oiJM8vFGpxrtGtFfJWhJv","Vide Noir","spotify:artist:6ltzsmQQbmdoHHbLZ4ZN25","Lord Huron","2018-04-20","https://i.scdn.co/image/ab67616d0000b2738431866429dc2ad6eed8c51e","1","9","311226","https://p.scdn.co/mp3-preview/a4124202bb1aee326e05ed3b8e93a9202349de68?cid=9950ac751e34487dbbe027c4fd7f8e99","false","60","spotify:user:","2020-11-27T12:53:58Z"
"spotify:track:7aNW0M1R6eUnoXKpN2HncV","HEADY","spotify:artist:47qrgNNbZRRCAK0ZrKcuZV","Reaper","spotify:album:2v9Eny0s7E50ugTiFlCuUF","heady","spotify:artist:47qrgNNbZRRCAK0ZrKcuZV","Reaper","2018-06-20","https://i.scdn.co/image/ab67616d0000b2735c9355e6a87bc3ef6b36aa6e","1","3","211639","","false","0","spotify:user:","2020-11-27T12:53:58Z"
"spotify:track:39WA71G8UXxqWUVeYSzZwb","Salvation","spotify:artist:6zVFRTB0Y1whWyH7ZNmywf","Tash Sultana","spotify:album:5eOlKFDAN9dXwYycRqEmnP","Flow State","spotify:artist:6zVFRTB0Y1whWyH7ZNmywf","Tash Sultana","2018-08-31","https://i.scdn.co/image/ab67616d0000b27347490989ff7485a32dfc1f2b","1","6","259401","https://p.scdn.co/mp3-preview/aefa12ffddf68161db5756cdd9b421fb7102ad29?cid=9950ac751e34487dbbe027c4fd7f8e99","true","37","spotify:user:","2020-11-27T12:53:58Z"
"spotify:track:0jqsg70jBQuV1ph69YK5Th","No Ordinary Love","spotify:artist:0gLBsvcwZ3tSBxFaCo3BIp","Quarry","spotify:album:7wqTMas0YKYa1U85nY5sNU","Q1","spotify:artist:0gLBsvcwZ3tSBxFaCo3BIp","Quarry","2020-03-06","https://i.scdn.co/image/ab67616d0000b2730db0e2b002d407525c374f72","1","1","199916","https://p.scdn.co/mp3-preview/26ae9c5e09436461b11c6348271b66d25fb2006f?cid=9950ac751e34487dbbe027c4fd7f8e99","false","28","spotify:user:","2020-11-27T12:53:58Z"
"spotify:track:0RZLmpEzGR2NHite6rvS5H","Space Ghost Coast To Coast","spotify:artist:4yvcSjfu4PC0CYQyLy4wSq","Glass Animals","spotify:album:5bfpRtBW7RNRdsm3tRyl3R","Dreamland","spotify:artist:4yvcSjfu4PC0CYQyLy4wSq","Glass Animals","2020-08-07","https://i.scdn.co/image/ab67616d0000b273712701c5e263efc8726b1464","1","6","187383","https://p.scdn.co/mp3-preview/e3c3583bbe34df2dbffeb8db3e828fe463cf837a?cid=9950ac751e34487dbbe027c4fd7f8e99","true","61","spotify:user:","2020-11-27T12:53:58Z"
"spotify:track:4x1I379N1wSkCb8xjerNv5","Bye Bye","spotify:artist:4sg4no0TXdsrM1s4SVUwNF","Juju","spotify:album:7FUJDqWr0PvHJyIJeCsswA","Bling Bling","spotify:artist:4sg4no0TXdsrM1s4SVUwNF","Juju","2019-06-14","https://i.scdn.co/image/ab67616d0000b27399c7f45f165a4892b164555f","1","10","167200","https://p.scdn.co/mp3-preview/1b1700905aa605dd9136471768b6be8c03acee0e?cid=9950ac751e34487dbbe027c4fd7f8e99","false","50","spotify:user:","2020-11-27T12:53:58Z"
"spotify:track:7yAXpAYFiPqKzyi86xXbLQ","My Game","spotify:artist:100sLnojEpcadRx4edEBA6","Zella Day","spotify:album:6GLUWw271MCvjhDcp7sd31","My Game","spotify:artist:100sLnojEpcadRx4edEBA6","Zella Day","2020-05-29","https://i.scdn.co/image/ab67616d0000b2731e1124efa4872569c29c7a18","1","1","210241","","false","0","spotify:user:","2020-11-27T12:53:58Z"
"spotify:track:2eWigKu3KImA4oJyF6OAYM","Drive Away","spotify:artist:1B9SbgFtfWSlUvAd1y0AaA, spotify:artist:70kkdajctXSbqSMJbQO424","The Brummies, Kacey Musgraves","spotify:album:2T3qzlLHxipZxcPTNLrwDx","Eternal Reach","spotify:artist:1B9SbgFtfWSlUvAd1y0AaA","The Brummies","2018-04-06","https://i.scdn.co/image/ab67616d0000b273b755882aff53af60a50e05d5","1","5","274325","","false","0","spotify:user:","2020-11-27T12:53:58Z"
"spotify:track:20bNignXgK60LajKftn01I","U8","spotify:artist:1wwT1eZWyAjVXbb1qpzEVC","YRRRE","spotify:album:1s6IjmnCXAZD8ZZxpIYqMc","U8","spotify:artist:1wwT1eZWyAjVXbb1qpzEVC","YRRRE","2019-12-20","https://i.scdn.co/image/ab67616d0000b273e8e5fda63a6d449b4883050a","1","1","218117","https://p.scdn.co/mp3-preview/0272a538b153b2a5caa9b54e1ed19fd705b3a925?cid=9950ac751e34487dbbe027c4fd7f8e99","false","30","spotify:user:","2020-11-27T12:53:58Z"
"spotify:track:7mnnCaWiLtsbOQEExjWeHc","Icarus","spotify:artist:2ATweaQe83QUQVjM8LMh7J","Gengahr","spotify:album:6TpdsAKl6qB08qTqkerwZw","Sanctuary","spotify:artist:2ATweaQe83QUQVjM8LMh7J","Gengahr","2020-01-31","https://i.scdn.co/image/ab67616d0000b27399aecdb0ff69e41761687d2f","1","9","234000","https://p.scdn.co/mp3-preview/647276f5eb6cf74af38f031c2104263a866b216d?cid=9950ac751e34487dbbe027c4fd7f8e99","false","38","spotify:user:","2020-11-27T12:53:58Z"
"spotify:track:72e7UirSPatU0CkvaOyHbI","High In The Garden","spotify:artist:04Zh21lNHZb2MCCcRcN2pc","Sorcha Richardson","spotify:album:5DNRLMYCFWYiXrp9RPdCM9","First Prize Bravery","spotify:artist:04Zh21lNHZb2MCCcRcN2pc","Sorcha Richardson","2019-11-08","https://i.scdn.co/image/ab67616d0000b273cae661d08bf6d00e751a4c9f","1","7","198586","https://p.scdn.co/mp3-preview/e6f2c5670a481207f355bbdee50b82656282371e?cid=9950ac751e34487dbbe027c4fd7f8e99","false","25","spotify:user:","2020-11-27T12:53:58Z"
"spotify:track:4UGoW08gaqIEWNTam1UNen","Love Like Ghosts","spotify:artist:6ltzsmQQbmdoHHbLZ4ZN25","Lord Huron","spotify:album:3yoNZlqerJnsnMN5EDwwBS","Strange Trails","spotify:artist:6ltzsmQQbmdoHHbLZ4ZN25","Lord Huron","2015-04-07","https://i.scdn.co/image/ab67616d0000b2739d2efe43d5b7ebc7cb60ca81","1","1","224061","https://p.scdn.co/mp3-preview/b9b93e2de98033ee19ff4720eb2f1ef94f0fe196?cid=9950ac751e34487dbbe027c4fd7f8e99","false","58","spotify:user:","2020-11-27T12:53:58Z"
"spotify:track:2EPuv7zyLpFqReJoYrIFzm","Jupiter","spotify:artist:2sSGPbdZJkaSE2AbcGOACx","The Marías","spotify:album:3U7jdirSqKYriJCSIucl10","Jupiter","spotify:artist:2sSGPbdZJkaSE2AbcGOACx","The Marías","2020-03-20","https://i.scdn.co/image/ab67616d0000b273e3e6a00e091d1a83ef701d82","1","1","191888","https://p.scdn.co/mp3-preview/2565bb43ed6d7c51393f8d7fa9978f55e59dec2d?cid=9950ac751e34487dbbe027c4fd7f8e99","false","54","spotify:user:","2020-11-27T12:53:58Z"
"spotify:track:5cVBkcYGi6aiG4cnTMfN6x","Guts","spotify:artist:1esNGCDFDiy6sKEqPhlLb4","Augustine","spotify:album:6szOt2A9ABSPorygYiIKY1","Guts","spotify:artist:1esNGCDFDiy6sKEqPhlLb4","Augustine","2019-10-18","https://i.scdn.co/image/ab67616d0000b27356003479c56e7c89bcd0b1c7","1","1","206233","https://p.scdn.co/mp3-preview/188bccff7ff34c71e53b96ec033d3c3980308067?cid=9950ac751e34487dbbe027c4fd7f8e99","false","43","spotify:user:","2020-11-27T12:53:58Z"
